{
  "faithfulness": 0.5357609710550887,
  "answer_relevancy": 0.4087188149609735,
  "context_precision": 0.6895424836276144,
  "context_recall": 0.5350140056022409
}